id;carastro_usuario;participante_nome;participante_email;participante_data_de_nascimento
1;Mouse;systematic wireless Plástico;Aço sensor;2021-10-19
2;AGP up Bedfordshire;Pound;Congelado withdrawal bus;2021-10-19
3;HTTP;Dynamic;wireless Espírito;2021-10-19
4;Lek;back-end Checking;Synchronised standardization International;2021-10-19
5;pixel Avon;magenta Account;Piauí matrix;2021-10-19
6;âmbar Sem;Account;esmeralda Factors Camiseta;2021-10-19
7;Berkshire Checking definition;Maiote;deliverables Avenida;2021-10-19
8;Travessa flexibility frictionless;Esportes;Paraná circuit;2021-10-19
9;digital benchmark;ametista bandwidth-monitored;Roupas connect;2021-10-19
10;Pound;Martinho Global back-end;International pricing Roraima;2021-10-19
